Workbook

Sheet Журнал задач
A1: Сквозной журнал задач · план и факт
A3: Видны плановые сроки и чистые часы. Фактические даты/часы пустые: не заполняйте их до выполнения работ. Все 15 задач имеют статус «План».
A5: Фаза | B5: ID | C5: Задача | D5: Владелец (A) | E5: План начало | F5: План конец | G5: У1 план, ч | H5: У2 план, ч | I5: У3 план, ч | J5: План, чел·ч | K5: Факт начало | L5: Факт конец | M5: У1 факт, ч | N5: У2 факт, ч | O5: У3 факт, ч | P5: Факт, чел·ч | Q5: Статус | R5: Артефакт | S5: Ссылка/примечание | T5: Версия
A6: 1 | B6: T01 | C6: Установочная встреча, правила и роли | D6: Участник 1 | E6: 46309 | F6: 46309 | G6: 0.5 | H6: 0.5 | I6: 0.5 | J6: =SUM(G6:I6) -> 1.5 | P6: =IF(COUNT(M6:O6)=0,"",SUM(M6:O6)) | Q6: План | R6: Протокол встречи | T6: v1.0
A7: 1 | B7: T02 | C7: Концепция и 12 UC StudyFlow | D7: Участник 1 | E7: 46309 | F7: 46309 | G7: 1.4 | H7: 0 | I7: 0 | J7: =SUM(G7:I7) -> 1.4 | P7: =IF(COUNT(M7:O7)=0,"",SUM(M7:O7)) | Q7: План | R7: Паспорт A1 | T7: v1.0
A8: 1 | B8: T03 | C8: Концепция и 12 UC CampusEvents | D8: Участник 2 | E8: 46309 | F8: 46309 | G8: 0 | H8: 1.4 | I8: 0 | J8: =SUM(G8:I8) -> 1.4 | P8: =IF(COUNT(M8:O8)=0,"",SUM(M8:O8)) | Q8: План | R8: Паспорт A2 | T8: v1.0
A9: 1 | B9: T04 | C9: Концепция и 12 UC BookSwap | D9: Участник 3 | E9: 46310 | F9: 46310 | G9: 0.4 | H9: 0 | I9: 1 | J9: =SUM(G9:I9) -> 1.4 | P9: =IF(COUNT(M9:O9)=0,"",SUM(M9:O9)) | Q9: План | R9: Паспорт A3 | T9: v1.0
A10: 1 | B10: T05 | C10: Концепция и 12 UC SkillBridge | D10: Участник 3 | E10: 46310 | F10: 46310 | G10: 0 | H10: 0.4 | I10: 1 | J10: =SUM(G10:I10) -> 1.4 | P10: =IF(COUNT(M10:O10)=0,"",SUM(M10:O10)) | Q10: План | R10: Паспорт A4 | T10: v1.0
A11: 1 | B11: T06 | C11: Критерии, шкала и формулировки | D11: Участник 1 | E11: 46310 | F11: 46310 | G11: 1.1 | H11: 0.4 | I11: 0.4 | J11: =SUM(G11:I11) -> 1.9 | P11: =IF(COUNT(M11:O11)=0,"",SUM(M11:O11)) | Q11: План | R11: Критерии K1–K5 | T11: v1.0
A12: 1 | B12: T07 | C12: Независимые балльные оценки (TOPSIS) | D12: Участник 2 | E12: 46310 | F12: 46311 | G12: 0.8 | H12: 0.8 | I12: 0.8 | J12: =SUM(G12:I12) -> 2.4 | P12: =IF(COUNT(M12:O12)=0,"",SUM(M12:O12)) | Q12: План | R12: 3 опросных листа | T12: v1.0
A13: 1 | B13: T08 | C13: Расчёт коллективного нечёткого TOPSIS | D13: Участник 2 | E13: 46311 | F13: 46312 | G13: 0.2 | H13: 2.2 | I13: 0.3 | J13: =SUM(G13:I13) -> 2.7 | P13: =IF(COUNT(M13:O13)=0,"",SUM(M13:O13)) | Q13: План | R13: Таблица TOPSIS | T13: v1.0
A14: 1 | B14: T09 | C14: Независимые попарные сравнения МАИ | D14: Участник 3 | E14: 46311 | F14: 46312 | G14: 1.2 | H14: 1.2 | I14: 1.2 | J14: =SUM(G14:I14) -> 3.6 | P14: =IF(COUNT(M14:O14)=0,"",SUM(M14:O14)) | Q14: План | R14: 3 комплекта суждений | T14: v1.0
A15: 1 | B15: T10 | C15: Агрегация МАИ и проверка CR | D15: Участник 3 | E15: 46312 | F15: 46313 | G15: 0.2 | H15: 0.3 | I15: 2.3 | J15: =SUM(G15:I15) -> 2.8 | P15: =IF(COUNT(M15:O15)=0,"",SUM(M15:O15)) | Q15: План | R15: Матрицы МАИ | T15: v1.0
A16: 1 | B16: T11 | C16: Сопоставление и анализ чувствительности | D16: Участник 2 | E16: 46313 | F16: 46313 | G16: 0.4 | H16: 0.9 | I16: 0.7 | J16: =SUM(G16:I16) -> 2 | P16: =IF(COUNT(M16:O16)=0,"",SUM(M16:O16)) | Q16: План | R16: Сравнительная таблица | T16: v1.0
A17: 1 | B17: T12 | C17: Общая встреча и решение команды | D17: Участник 1 | E17: 46313 | F17: 46313 | G17: 0.5 | H17: 0.5 | I17: 0.5 | J17: =SUM(G17:I17) -> 1.5 | P17: =IF(COUNT(M17:O17)=0,"",SUM(M17:O17)) | Q17: План | R17: Протокол выбора | T17: v1.0
... A20: 1 | B20: T15 | C20: Публикация материалов в общей папке | D20: Участник 1 | E20: 46314 | F20: 46314 | G20: 0.4 | H20: 0 | I20: 0 | J20: =SUM(G20:I20) -> 0.4 | P20: =IF(COUNT(M20:O20)=0,"",SUM(M20:O20)) | Q20: План | R20: Ссылка на архив | T20: v1.0

Sheet Сводка
A1: Фаза 1 · контроль плановых трудозатрат
A3: Сводка относится к запланированным задачам T01–T15. Данные «факт» появятся только после заполнения голубых полей журнала.
A5: Показатель | B5: Значение
A6: Всего задач, шт. | B6: =COUNTA('Журнал задач'!B6:B20) -> 15
A7: План, чел·ч | B7: =SUM('Журнал задач'!J6:J20) -> 29.3
A8: Факт, чел·ч | B8: =IF(COUNT('Журнал задач'!M6:O20)=0,"",SUM('Журнал задач'!M6:O20))
A9: Участник 1 · план, ч | B9: =SUM('Журнал задач'!G6:G20) -> 9.7
A10: Участник 2 · план, ч | B10: =SUM('Журнал задач'!H6:H20) -> 9.6
A11: Участник 3 · план, ч | B11: =SUM('Журнал задач'!I6:I20) -> 10
A12: Готово задач, шт. | B12: =COUNTIF('Журнал задач'!Q6:Q20,"Готово") -> 0
A13: План задач, шт. | B13: =COUNTIF('Журнал задач'!Q6:Q20,"План") -> 15
A16: Что означает «чистое время»
A17: Встреча продолжительностью 30 минут с тремя участниками — 1,5 человеко-часа. Перерывы не включаются; параллельная работа участников суммируется.

Sheet Правила учёта
A1: Правила ведения задач
A3: Этот файл — единственный сквозной журнал проекта. В расчетной книге есть снимок задач фазы 1, который при необходимости обновляется вручную.
A5: Правило | B5: Описание
A6: Декомпозиция | B6: Любая работа по фазе (аналитика, митинг, чтение материалов, проверка, публикация) получает ID, сроки, ответственного и часы.
A7: Период | B7: План начало/конец — прогноз; факт начало/конец заполняются только по выполненным работам.
A8: Чистое время | B8: Учитывайте время фактической работы без пауз. В коллективных встречах учитывайте затраты каждого участника отдельно.
A9: Статусы | B9: План / В работе / Готово / Блокировано / Отменено. Не ставьте «Готово», если артефакт ещё не проверен.
A10: Связи | B10: ID задач совпадают с ID в RACI. В поле «Артефакт» и ссылке указывайте фактический файл/страницу.
A11: Новые фазы | B11: Добавляйте новые задачи ниже T15, давайте им новые уникальные ID; дополняйте RACI и историю изменений.
A12: Контроль | B12: После каждой фазы сохраните отчёт, обновите статусы, реальное время, RACI, и дату утверждения.

Sheet История изменений
A1: История изменений журнала
A4: Дата | B4: Версия | C4: Фаза | D4: Изменение | E4: Редактор | F4: Статус
A5: 46308 | B5: v1.0 (черновик) | C5: 1 | D5: Перенесены T01–T15 из исходной книги; плановые часы и сроки, факт не выдуман. | E5: Участник 1 (план) | F5: Ожидает согласования
